{"cameraMode":{"drawMode":0,"name":"Shaded","section":"Shading Mode"},"sceneLighting":true,"audioPlay":false,"sceneViewState":{"showFog":true,"showMaterialUpdate":false,"showSkybox":true,"showFlares":true,"showImageEffects":true,"showParticleSystems":true},"in2DMode":false,"pivot":{"x":43.104278564453128,"y":6.888948440551758,"z":50.20377731323242},"rotation":{"x":0.033195823431015018,"y":-0.9409868121147156,"z":0.32263922691345217,"w":0.0969001054763794},"size":1.6714515686035157,"orthographic":false}