{"cameraMode":{"drawMode":0,"name":"Shaded","section":"Shading Mode"},"sceneLighting":false,"audioPlay":false,"sceneViewState":{"showFog":true,"showMaterialUpdate":false,"showSkybox":false,"showFlares":true,"showImageEffects":true,"showParticleSystems":true},"in2DMode":false,"pivot":{"x":-0.009894892573356629,"y":0.19258536398410798,"z":0.038843393325805667},"rotation":{"x":-0.0026798471808433534,"y":-0.9785289764404297,"z":0.2058144062757492,"w":-0.012612241320312024},"size":0.32152315974235537,"orthographic":false}